<?xml version="1.0" encoding="UTF-8"?>
<endpoint name="whatsapp-endpoint" xmlns="http://ws.apache.org/ns/synapse">
    <http method="post" uri-template="https://rp35ny.api.infobip.com/whatsapp/1/message/template">
        <suspendOnFailure>
            <initialDuration>-1</initialDuration>
            <progressionFactor>1</progressionFactor>
        </suspendOnFailure>
        <markForSuspension>
            <retriesBeforeSuspension>0</retriesBeforeSuspension>
        </markForSuspension>
    </http>
</endpoint>
