<sequence xmlns="http://ws.apache.org/ns/synapse" name="ProcessCallbackDataSequence">
    <log level="full">
        <property name="Info" value="Received callback data from Infobip"/>
    </log>
    <payloadFactory media-type="json">
        <format>
            {
                "status": "$1",
                "messageId": "$2",
                "callbackData": "$3"
            }
        </format>
        <args>
            <arg evaluator="json" expression="$.status"/>
            <arg evaluator="json" expression="$.messageId"/>
            <arg evaluator="json" expression="$.callbackData"/>
        </args>
    </payloadFactory>
</sequence>
