<?xml version="1.0" encoding="UTF-8"?>
<sequence name="template_pm_1_1parameter" xmlns="http://ws.apache.org/ns/synapse">
    <log level="full">
        <property name="Action" value="Processing PM 1_1parameter------------" />
    </log>
    <payloadFactory media-type="json" template-type="default">
        <format>{ "messages": [ { "from": "601112669338", "to": "918806078945", "content": {
            "templateName": "draft_psa", "templateData": { "body": { "placeholders": [ "_name_",
            "_loginID_" ] }, "buttons": [ { "type": "QUICK_REPLY", "parameter": "EN_PSA" } ] },
            "language": "en" } } ] }</format>
        <args>
            <arg expression="get-property('some')" evaluator="xml" />
        </args>
    </payloadFactory>
    <!-- Add PM 1_1parameter specific processing -->
</sequence>
