<?xml version="1.0" encoding="UTF-8"?>
<endpoint name="invokeEndpoint" xmlns="http://ws.apache.org/ns/synapse">
    <http method="post" uri-template="http://localhost:8290/email/send">
        <suspendOnFailure>
            <initialDuration>-1</initialDuration>
            <progressionFactor>1</progressionFactor>
        </suspendOnFailure>
        <markForSuspension>
            <retriesBeforeSuspension>0</retriesBeforeSuspension>
        </markForSuspension>
    </http>
</endpoint>
